"","date","government_name","government_ID","petrol","diesel","bottled_water","treated_water","soap","laundry_powder","sanitary_napkins","cost_cubic_meter","exchange_rates","num_obs"
"1","2020-06-01","Sana'a City","YE13",295,345,100,100,120,120,550,5000,595,22
"2","2020-06-01","Taizz","YE15",315,350,150,100,150,120,575,3325,740,46
"3","2020-06-01","Al Jawf","YE16",750,NA,200,1000,250,100,780,1500,670,3
"4","2020-06-01","Hajjah","YE17",700,750,150,100,150,127.5,500,2250,615,30
"5","2020-06-01","Al Hudaydah","YE18",325,350,160,NA,130,130,480,NA,620,16
"6","2020-06-01","Dhamar","YE20",750,850,150,500,150,120,500,1000,622,3
"7","2020-06-01","Sana'a","YE23",NA,345,100,165,NA,NA,NA,NA,618,6
"8","2020-06-01","Aden","YE24",280,290,200,100,150,100,550,1200,742.5,21
"9","2020-06-01","Lahj","YE25",300,322.5,200,200,200,116,575,1700,744,20
"10","2020-06-01","Marib","YE26",175,325,65,50,150,130,550,1000,740,3
"11","2020-06-01","Amran","YE29",NA,NA,125,110,165,120,500,1000,618,13
"12",NA,NA,"YE12",NA,NA,NA,NA,NA,NA,NA,NA,NA,5
"13",NA,NA,"YE14",NA,NA,NA,NA,NA,NA,NA,NA,NA,3
"14",NA,NA,"YE19",NA,NA,NA,NA,NA,NA,NA,NA,NA,9
"15",NA,NA,"YE30",NA,NA,NA,NA,NA,NA,NA,NA,NA,5
"16",NA,NA,"YE11",NA,NA,NA,NA,NA,NA,NA,NA,NA,5
"17",NA,NA,"YE13",NA,NA,NA,NA,NA,NA,NA,NA,NA,19
"18",NA,NA,"YE15",NA,NA,NA,NA,NA,NA,NA,NA,NA,57
"19",NA,NA,"YE16",NA,NA,NA,NA,NA,NA,NA,NA,NA,3
"20",NA,NA,"YE17",NA,NA,NA,NA,NA,NA,NA,NA,NA,35
"21",NA,NA,"YE18",NA,NA,NA,NA,NA,NA,NA,NA,NA,22
"22",NA,NA,"YE20",NA,NA,NA,NA,NA,NA,NA,NA,NA,3
"23",NA,NA,"YE22",NA,NA,NA,NA,NA,NA,NA,NA,NA,9
"24",NA,NA,"YE23",NA,NA,NA,NA,NA,NA,NA,NA,NA,10
"25",NA,NA,"YE24",NA,NA,NA,NA,NA,NA,NA,NA,NA,23
"26",NA,NA,"YE25",NA,NA,NA,NA,NA,NA,NA,NA,NA,21
"27",NA,NA,"YE26",NA,NA,NA,NA,NA,NA,NA,NA,NA,39
"28",NA,NA,"YE29",NA,NA,NA,NA,NA,NA,NA,NA,NA,13
"29",NA,NA,"YE11",NA,NA,NA,NA,NA,NA,NA,NA,NA,5
"30",NA,NA,"YE13",NA,NA,NA,NA,NA,NA,NA,NA,NA,21
"31",NA,NA,"YE14",NA,NA,NA,NA,NA,NA,NA,NA,NA,5
"32",NA,NA,"YE15",NA,NA,NA,NA,NA,NA,NA,NA,NA,72
"33",NA,NA,"YE16",NA,NA,NA,NA,NA,NA,NA,NA,NA,3
"34",NA,NA,"YE17",NA,NA,NA,NA,NA,NA,NA,NA,NA,35
"35",NA,NA,"YE18",NA,NA,NA,NA,NA,NA,NA,NA,NA,22
"36",NA,NA,"YE20",NA,NA,NA,NA,NA,NA,NA,NA,NA,3
"37",NA,NA,"YE22",NA,NA,NA,NA,NA,NA,NA,NA,NA,15
"38",NA,NA,"YE23",NA,NA,NA,NA,NA,NA,NA,NA,NA,10
"39",NA,NA,"YE24",NA,NA,NA,NA,NA,NA,NA,NA,NA,23
"40",NA,NA,"YE25",NA,NA,NA,NA,NA,NA,NA,NA,NA,19
"41",NA,NA,"YE26",NA,NA,NA,NA,NA,NA,NA,NA,NA,32
"42",NA,NA,"YE29",NA,NA,NA,NA,NA,NA,NA,NA,NA,13
"43",NA,NA,"YE11",NA,NA,NA,NA,NA,NA,NA,NA,NA,6
"44",NA,NA,"YE13",NA,NA,NA,NA,NA,NA,NA,NA,NA,25
"45",NA,NA,"YE14",NA,NA,NA,NA,NA,NA,NA,NA,NA,4
"46",NA,NA,"YE15",NA,NA,NA,NA,NA,NA,NA,NA,NA,56
"47",NA,NA,"YE16",NA,NA,NA,NA,NA,NA,NA,NA,NA,3
"48",NA,NA,"YE17",NA,NA,NA,NA,NA,NA,NA,NA,NA,25
"49",NA,NA,"YE18",NA,NA,NA,NA,NA,NA,NA,NA,NA,21
"50",NA,NA,"YE20",NA,NA,NA,NA,NA,NA,NA,NA,NA,3
"51",NA,NA,"YE22",NA,NA,NA,NA,NA,NA,NA,NA,NA,12
"52",NA,NA,"YE23",NA,NA,NA,NA,NA,NA,NA,NA,NA,10
"53",NA,NA,"YE24",NA,NA,NA,NA,NA,NA,NA,NA,NA,23
"54",NA,NA,"YE25",NA,NA,NA,NA,NA,NA,NA,NA,NA,19
"55",NA,NA,"YE26",NA,NA,NA,NA,NA,NA,NA,NA,NA,37
"56",NA,NA,"YE29",NA,NA,NA,NA,NA,NA,NA,NA,NA,17
"57",NA,NA,"YE11",NA,NA,NA,NA,NA,NA,NA,NA,NA,5
"58",NA,NA,"YE13",NA,NA,NA,NA,NA,NA,NA,NA,NA,23
"59",NA,NA,"YE14",NA,NA,NA,NA,NA,NA,NA,NA,NA,3
"60",NA,NA,"YE15",NA,NA,NA,NA,NA,NA,NA,NA,NA,73
"61",NA,NA,"YE16",NA,NA,NA,NA,NA,NA,NA,NA,NA,3
"62",NA,NA,"YE17",NA,NA,NA,NA,NA,NA,NA,NA,NA,36
"63",NA,NA,"YE18",NA,NA,NA,NA,NA,NA,NA,NA,NA,18
"64",NA,NA,"YE20",NA,NA,NA,NA,NA,NA,NA,NA,NA,3
"65",NA,NA,"YE21",NA,NA,NA,NA,NA,NA,NA,NA,NA,6
"66",NA,NA,"YE22",NA,NA,NA,NA,NA,NA,NA,NA,NA,13
"67",NA,NA,"YE23",NA,NA,NA,NA,NA,NA,NA,NA,NA,9
"68",NA,NA,"YE24",NA,NA,NA,NA,NA,NA,NA,NA,NA,23
"69",NA,NA,"YE25",NA,NA,NA,NA,NA,NA,NA,NA,NA,19
"70",NA,NA,"YE26",NA,NA,NA,NA,NA,NA,NA,NA,NA,3
"71",NA,NA,"YE29",NA,NA,NA,NA,NA,NA,NA,NA,NA,19
"72",NA,NA,"YE11",NA,NA,NA,NA,NA,NA,NA,NA,NA,6
"73",NA,NA,"YE13",NA,NA,NA,NA,NA,NA,NA,NA,NA,27
"74",NA,NA,"YE14",NA,NA,NA,NA,NA,NA,NA,NA,NA,3
"75",NA,NA,"YE15",NA,NA,NA,NA,NA,NA,NA,NA,NA,71
"76",NA,NA,"YE16",NA,NA,NA,NA,NA,NA,NA,NA,NA,3
"77",NA,NA,"YE17",NA,NA,NA,NA,NA,NA,NA,NA,NA,33
"78",NA,NA,"YE18",NA,NA,NA,NA,NA,NA,NA,NA,NA,20
"79",NA,NA,"YE20",NA,NA,NA,NA,NA,NA,NA,NA,NA,3
"80",NA,NA,"YE21",NA,NA,NA,NA,NA,NA,NA,NA,NA,6
"81",NA,NA,"YE22",NA,NA,NA,NA,NA,NA,NA,NA,NA,9
"82",NA,NA,"YE23",NA,NA,NA,NA,NA,NA,NA,NA,NA,9
"83",NA,NA,"YE24",NA,NA,NA,NA,NA,NA,NA,NA,NA,26
"84",NA,NA,"YE25",NA,NA,NA,NA,NA,NA,NA,NA,NA,19
"85",NA,NA,"YE26",NA,NA,NA,NA,NA,NA,NA,NA,NA,3
"86",NA,NA,"YE29",NA,NA,NA,NA,NA,NA,NA,NA,NA,13
"87",NA,NA,"YE11",NA,NA,NA,NA,NA,NA,NA,NA,NA,6
"88",NA,NA,"YE13",NA,NA,NA,NA,NA,NA,NA,NA,NA,21
"89",NA,NA,"YE14",NA,NA,NA,NA,NA,NA,NA,NA,NA,3
"90",NA,NA,"YE15",NA,NA,NA,NA,NA,NA,NA,NA,NA,49
"91",NA,NA,"YE17",NA,NA,NA,NA,NA,NA,NA,NA,NA,25
"92",NA,NA,"YE18",NA,NA,NA,NA,NA,NA,NA,NA,NA,21
"93",NA,NA,"YE22",NA,NA,NA,NA,NA,NA,NA,NA,NA,4
"94",NA,NA,"YE23",NA,NA,NA,NA,NA,NA,NA,NA,NA,9
"95",NA,NA,"YE24",NA,NA,NA,NA,NA,NA,NA,NA,NA,20
"96",NA,NA,"YE25",NA,NA,NA,NA,NA,NA,NA,NA,NA,13
"97",NA,NA,"YE26",NA,NA,NA,NA,NA,NA,NA,NA,NA,11
"98",NA,NA,"YE29",NA,NA,NA,NA,NA,NA,NA,NA,NA,10
"99",NA,NA,"YE11",NA,NA,NA,NA,NA,NA,NA,NA,NA,10
"100",NA,NA,"YE13",NA,NA,NA,NA,NA,NA,NA,NA,NA,13
"101",NA,NA,"YE14",NA,NA,NA,NA,NA,NA,NA,NA,NA,4
"102",NA,NA,"YE15",NA,NA,NA,NA,NA,NA,NA,NA,NA,59
"103",NA,NA,"YE17",NA,NA,NA,NA,NA,NA,NA,NA,NA,40
"104",NA,NA,"YE18",NA,NA,NA,NA,NA,NA,NA,NA,NA,20
"105",NA,NA,"YE21",NA,NA,NA,NA,NA,NA,NA,NA,NA,8
"106",NA,NA,"YE22",NA,NA,NA,NA,NA,NA,NA,NA,NA,19
"107",NA,NA,"YE23",NA,NA,NA,NA,NA,NA,NA,NA,NA,11
"108",NA,NA,"YE24",NA,NA,NA,NA,NA,NA,NA,NA,NA,15
"109",NA,NA,"YE25",NA,NA,NA,NA,NA,NA,NA,NA,NA,13
"110",NA,NA,"YE26",NA,NA,NA,NA,NA,NA,NA,NA,NA,24
"111",NA,NA,"YE29",NA,NA,NA,NA,NA,NA,NA,NA,NA,10
"112",NA,NA,"YE11",NA,NA,NA,NA,NA,NA,NA,NA,NA,8
"113",NA,NA,"YE13",NA,NA,NA,NA,NA,NA,NA,NA,NA,23
"114",NA,NA,"YE14",NA,NA,NA,NA,NA,NA,NA,NA,NA,3
"115",NA,NA,"YE15",NA,NA,NA,NA,NA,NA,NA,NA,NA,48
"116",NA,NA,"YE17",NA,NA,NA,NA,NA,NA,NA,NA,NA,35
"117",NA,NA,"YE18",NA,NA,NA,NA,NA,NA,NA,NA,NA,21
"118",NA,NA,"YE21",NA,NA,NA,NA,NA,NA,NA,NA,NA,6
"119",NA,NA,"YE22",NA,NA,NA,NA,NA,NA,NA,NA,NA,3
"120",NA,NA,"YE23",NA,NA,NA,NA,NA,NA,NA,NA,NA,7
"121",NA,NA,"YE24",NA,NA,NA,NA,NA,NA,NA,NA,NA,21
"122",NA,NA,"YE25",NA,NA,NA,NA,NA,NA,NA,NA,NA,13
"123",NA,NA,"YE29",NA,NA,NA,NA,NA,NA,NA,NA,NA,10
"124",NA,NA,"YE11",NA,NA,NA,NA,NA,NA,NA,NA,NA,7
"125",NA,NA,"YE13",NA,NA,NA,NA,NA,NA,NA,NA,NA,23
"126",NA,NA,"YE14",NA,NA,NA,NA,NA,NA,NA,NA,NA,3
"127",NA,NA,"YE15",NA,NA,NA,NA,NA,NA,NA,NA,NA,53
"128",NA,NA,"YE17",NA,NA,NA,NA,NA,NA,NA,NA,NA,35
"129",NA,NA,"YE18",NA,NA,NA,NA,NA,NA,NA,NA,NA,19
"130",NA,NA,"YE21",NA,NA,NA,NA,NA,NA,NA,NA,NA,6
"131",NA,NA,"YE22",NA,NA,NA,NA,NA,NA,NA,NA,NA,9
"132",NA,NA,"YE23",NA,NA,NA,NA,NA,NA,NA,NA,NA,6
"133",NA,NA,"YE24",NA,NA,NA,NA,NA,NA,NA,NA,NA,20
"134",NA,NA,"YE25",NA,NA,NA,NA,NA,NA,NA,NA,NA,13
"135",NA,NA,"YE11",NA,NA,NA,NA,NA,NA,NA,NA,NA,12
"136",NA,NA,"YE13",NA,NA,NA,NA,NA,NA,NA,NA,NA,3
"137",NA,NA,"YE14",NA,NA,NA,NA,NA,NA,NA,NA,NA,3
"138",NA,NA,"YE15",NA,NA,NA,NA,NA,NA,NA,NA,NA,45
"139",NA,NA,"YE17",NA,NA,NA,NA,NA,NA,NA,NA,NA,15
"140",NA,NA,"YE18",NA,NA,NA,NA,NA,NA,NA,NA,NA,19
"141",NA,NA,"YE21",NA,NA,NA,NA,NA,NA,NA,NA,NA,6
"142",NA,NA,"YE22",NA,NA,NA,NA,NA,NA,NA,NA,NA,12
"143",NA,NA,"YE23",NA,NA,NA,NA,NA,NA,NA,NA,NA,10
"144",NA,NA,"YE24",NA,NA,NA,NA,NA,NA,NA,NA,NA,20
"145",NA,NA,"YE25",NA,NA,NA,NA,NA,NA,NA,NA,NA,13
"146",NA,NA,"YE29",NA,NA,NA,NA,NA,NA,NA,NA,NA,10
"147",NA,NA,"YE32",NA,NA,NA,NA,NA,NA,NA,NA,NA,3
"148",NA,NA,"YE11",NA,NA,NA,NA,NA,NA,NA,NA,NA,15
"149",NA,NA,"YE13",NA,NA,NA,NA,NA,NA,NA,NA,NA,3
"150",NA,NA,"YE14",NA,NA,NA,NA,NA,NA,NA,NA,NA,5
"151",NA,NA,"YE15",NA,NA,NA,NA,NA,NA,NA,NA,NA,61
"152",NA,NA,"YE17",NA,NA,NA,NA,NA,NA,NA,NA,NA,16
"153",NA,NA,"YE18",NA,NA,NA,NA,NA,NA,NA,NA,NA,22
"154",NA,NA,"YE21",NA,NA,NA,NA,NA,NA,NA,NA,NA,6
"155",NA,NA,"YE22",NA,NA,NA,NA,NA,NA,NA,NA,NA,4
"156",NA,NA,"YE23",NA,NA,NA,NA,NA,NA,NA,NA,NA,10
"157",NA,NA,"YE24",NA,NA,NA,NA,NA,NA,NA,NA,NA,20
"158",NA,NA,"YE25",NA,NA,NA,NA,NA,NA,NA,NA,NA,13
"159",NA,NA,"YE32",NA,NA,NA,NA,NA,NA,NA,NA,NA,3
"160",NA,NA,"YE11",NA,NA,NA,NA,NA,NA,NA,NA,NA,10
"161",NA,NA,"YE13",NA,NA,NA,NA,NA,NA,NA,NA,NA,6
"162",NA,NA,"YE14",NA,NA,NA,NA,NA,NA,NA,NA,NA,5
"163",NA,NA,"YE15",NA,NA,NA,NA,NA,NA,NA,NA,NA,60
"164",NA,NA,"YE17",NA,NA,NA,NA,NA,NA,NA,NA,NA,21
"165",NA,NA,"YE18",NA,NA,NA,NA,NA,NA,NA,NA,NA,26
"166",NA,NA,"YE21",NA,NA,NA,NA,NA,NA,NA,NA,NA,6
"167",NA,NA,"YE22",NA,NA,NA,NA,NA,NA,NA,NA,NA,12
"168",NA,NA,"YE23",NA,NA,NA,NA,NA,NA,NA,NA,NA,9
"169",NA,NA,"YE24",NA,NA,NA,NA,NA,NA,NA,NA,NA,20
"170",NA,NA,"YE25",NA,NA,NA,NA,NA,NA,NA,NA,NA,13
"171",NA,NA,"YE29",NA,NA,NA,NA,NA,NA,NA,NA,NA,10
"172",NA,NA,"YE32",NA,NA,NA,NA,NA,NA,NA,NA,NA,3
"173",NA,NA,"YE11",NA,NA,NA,NA,NA,NA,NA,NA,NA,19
"174",NA,NA,"YE13",NA,NA,NA,NA,NA,NA,NA,NA,NA,6
"175",NA,NA,"YE14",NA,NA,NA,NA,NA,NA,NA,NA,NA,3
"176",NA,NA,"YE15",NA,NA,NA,NA,NA,NA,NA,NA,NA,66
"177",NA,NA,"YE17",NA,NA,NA,NA,NA,NA,NA,NA,NA,20
"178",NA,NA,"YE18",NA,NA,NA,NA,NA,NA,NA,NA,NA,25
"179",NA,NA,"YE21",NA,NA,NA,NA,NA,NA,NA,NA,NA,6
"180",NA,NA,"YE22",NA,NA,NA,NA,NA,NA,NA,NA,NA,14
"181",NA,NA,"YE23",NA,NA,NA,NA,NA,NA,NA,NA,NA,9
"182",NA,NA,"YE24",NA,NA,NA,NA,NA,NA,NA,NA,NA,20
"183",NA,NA,"YE25",NA,NA,NA,NA,NA,NA,NA,NA,NA,13
"184",NA,NA,"YE29",NA,NA,NA,NA,NA,NA,NA,NA,NA,10
"185",NA,NA,"YE32",NA,NA,NA,NA,NA,NA,NA,NA,NA,3
"186",NA,NA,"YE13",NA,NA,NA,NA,NA,NA,NA,NA,NA,48
"187",NA,NA,"YE14",NA,NA,NA,NA,NA,NA,NA,NA,NA,3
"188",NA,NA,"YE15",NA,NA,NA,NA,NA,NA,NA,NA,NA,64
"189",NA,NA,"YE17",NA,NA,NA,NA,NA,NA,NA,NA,NA,25
"190",NA,NA,"YE18",NA,NA,NA,NA,NA,NA,NA,NA,NA,42
"191",NA,NA,"YE20",NA,NA,NA,NA,NA,NA,NA,NA,NA,9
"192",NA,NA,"YE21",NA,NA,NA,NA,NA,NA,NA,NA,NA,6
"193",NA,NA,"YE22",NA,NA,NA,NA,NA,NA,NA,NA,NA,12
"194",NA,NA,"YE23",NA,NA,NA,NA,NA,NA,NA,NA,NA,30
"195",NA,NA,"YE24",NA,NA,NA,NA,NA,NA,NA,NA,NA,20
"196",NA,NA,"YE25",NA,NA,NA,NA,NA,NA,NA,NA,NA,13
"197",NA,NA,"YE29",NA,NA,NA,NA,NA,NA,NA,NA,NA,10
"198",NA,NA,"YE32",NA,NA,NA,NA,NA,NA,NA,NA,NA,3
"199",NA,NA,"YE11",NA,NA,NA,NA,NA,NA,NA,NA,NA,18
"200",NA,NA,"YE12",NA,NA,NA,NA,NA,NA,NA,NA,NA,3
"201",NA,NA,"YE13",NA,NA,NA,NA,NA,NA,NA,NA,NA,57
"202",NA,NA,"YE14",NA,NA,NA,NA,NA,NA,NA,NA,NA,3
"203",NA,NA,"YE15",NA,NA,NA,NA,NA,NA,NA,NA,NA,65
"204",NA,NA,"YE16",NA,NA,NA,NA,NA,NA,NA,NA,NA,3
"205",NA,NA,"YE17",NA,NA,NA,NA,NA,NA,NA,NA,NA,16
"206",NA,NA,"YE18",NA,NA,NA,NA,NA,NA,NA,NA,NA,44
"207",NA,NA,"YE20",NA,NA,NA,NA,NA,NA,NA,NA,NA,12
"208",NA,NA,"YE21",NA,NA,NA,NA,NA,NA,NA,NA,NA,6
"209",NA,NA,"YE22",NA,NA,NA,NA,NA,NA,NA,NA,NA,17
"210",NA,NA,"YE23",NA,NA,NA,NA,NA,NA,NA,NA,NA,30
"211",NA,NA,"YE24",NA,NA,NA,NA,NA,NA,NA,NA,NA,20
"212",NA,NA,"YE25",NA,NA,NA,NA,NA,NA,NA,NA,NA,13
"213",NA,NA,"YE29",NA,NA,NA,NA,NA,NA,NA,NA,NA,10
"214",NA,NA,"YE30",NA,NA,NA,NA,NA,NA,NA,NA,NA,6
"215",NA,NA,"YE32",NA,NA,NA,NA,NA,NA,NA,NA,NA,3
"216",NA,NA,"YE11",NA,NA,NA,NA,NA,NA,NA,NA,NA,12
"217",NA,NA,"YE13",NA,NA,NA,NA,NA,NA,NA,NA,NA,54
"218",NA,NA,"YE15",NA,NA,NA,NA,NA,NA,NA,NA,NA,74
"219",NA,NA,"YE16",NA,NA,NA,NA,NA,NA,NA,NA,NA,3
"220",NA,NA,"YE17",NA,NA,NA,NA,NA,NA,NA,NA,NA,22
"221",NA,NA,"YE18",NA,NA,NA,NA,NA,NA,NA,NA,NA,59
"222",NA,NA,"YE20",NA,NA,NA,NA,NA,NA,NA,NA,NA,18
"223",NA,NA,"YE21",NA,NA,NA,NA,NA,NA,NA,NA,NA,6
"224",NA,NA,"YE22",NA,NA,NA,NA,NA,NA,NA,NA,NA,20
"225",NA,NA,"YE23",NA,NA,NA,NA,NA,NA,NA,NA,NA,27
"226",NA,NA,"YE24",NA,NA,NA,NA,NA,NA,NA,NA,NA,20
"227",NA,NA,"YE25",NA,NA,NA,NA,NA,NA,NA,NA,NA,13
"228",NA,NA,"YE29",NA,NA,NA,NA,NA,NA,NA,NA,NA,10
"229",NA,NA,"YE30",NA,NA,NA,NA,NA,NA,NA,NA,NA,9
"230",NA,NA,"YE32",NA,NA,NA,NA,NA,NA,NA,NA,NA,3
"231",NA,NA,"YE11",NA,NA,NA,NA,NA,NA,NA,NA,NA,11
"232",NA,NA,"YE12",NA,NA,NA,NA,NA,NA,NA,NA,NA,18
"233",NA,NA,"YE13",NA,NA,NA,NA,NA,NA,NA,NA,NA,68
"234",NA,NA,"YE15",NA,NA,NA,NA,NA,NA,NA,NA,NA,83
"235",NA,NA,"YE16",NA,NA,NA,NA,NA,NA,NA,NA,NA,3
"236",NA,NA,"YE17",NA,NA,NA,NA,NA,NA,NA,NA,NA,34
"237",NA,NA,"YE18",NA,NA,NA,NA,NA,NA,NA,NA,NA,59
"238",NA,NA,"YE20",NA,NA,NA,NA,NA,NA,NA,NA,NA,6
"239",NA,NA,"YE21",NA,NA,NA,NA,NA,NA,NA,NA,NA,6
"240",NA,NA,"YE22",NA,NA,NA,NA,NA,NA,NA,NA,NA,9
"241",NA,NA,"YE23",NA,NA,NA,NA,NA,NA,NA,NA,NA,24
"242",NA,NA,"YE24",NA,NA,NA,NA,NA,NA,NA,NA,NA,15
"243",NA,NA,"YE25",NA,NA,NA,NA,NA,NA,NA,NA,NA,13
"244",NA,NA,"YE29",NA,NA,NA,NA,NA,NA,NA,NA,NA,10
"245",NA,NA,"YE30",NA,NA,NA,NA,NA,NA,NA,NA,NA,9
"246",NA,NA,"YE32",NA,NA,NA,NA,NA,NA,NA,NA,NA,3
"247",NA,NA,"YE11",NA,NA,NA,NA,NA,NA,NA,NA,NA,12
"248",NA,NA,"YE12",NA,NA,NA,NA,NA,NA,NA,NA,NA,21
"249",NA,NA,"YE13",NA,NA,NA,NA,NA,NA,NA,NA,NA,58
"250",NA,NA,"YE14",NA,NA,NA,NA,NA,NA,NA,NA,NA,6
"251",NA,NA,"YE15",NA,NA,NA,NA,NA,NA,NA,NA,NA,59
"252",NA,NA,"YE16",NA,NA,NA,NA,NA,NA,NA,NA,NA,2
"253",NA,NA,"YE17",NA,NA,NA,NA,NA,NA,NA,NA,NA,35
"254",NA,NA,"YE18",NA,NA,NA,NA,NA,NA,NA,NA,NA,40
"255",NA,NA,"YE20",NA,NA,NA,NA,NA,NA,NA,NA,NA,12
"256",NA,NA,"YE22",NA,NA,NA,NA,NA,NA,NA,NA,NA,19
"257",NA,NA,"YE23",NA,NA,NA,NA,NA,NA,NA,NA,NA,39
"258",NA,NA,"YE24",NA,NA,NA,NA,NA,NA,NA,NA,NA,20
"259",NA,NA,"YE25",NA,NA,NA,NA,NA,NA,NA,NA,NA,13
"260",NA,NA,"YE29",NA,NA,NA,NA,NA,NA,NA,NA,NA,11
"261",NA,NA,"YE30",NA,NA,NA,NA,NA,NA,NA,NA,NA,9
"262",NA,NA,"YE32",NA,NA,NA,NA,NA,NA,NA,NA,NA,3
"263",NA,NA,"YE11",NA,NA,NA,NA,NA,NA,NA,NA,NA,12
"264",NA,NA,"YE12",NA,NA,NA,NA,NA,NA,NA,NA,NA,18
"265",NA,NA,"YE13",NA,NA,NA,NA,NA,NA,NA,NA,NA,70
"266",NA,NA,"YE14",NA,NA,NA,NA,NA,NA,NA,NA,NA,6
"267",NA,NA,"YE15",NA,NA,NA,NA,NA,NA,NA,NA,NA,44
"268",NA,NA,"YE16",NA,NA,NA,NA,NA,NA,NA,NA,NA,3
"269",NA,NA,"YE17",NA,NA,NA,NA,NA,NA,NA,NA,NA,36
"270",NA,NA,"YE18",NA,NA,NA,NA,NA,NA,NA,NA,NA,43
"271",NA,NA,"YE20",NA,NA,NA,NA,NA,NA,NA,NA,NA,5
"272",NA,NA,"YE22",NA,NA,NA,NA,NA,NA,NA,NA,NA,27
"273",NA,NA,"YE23",NA,NA,NA,NA,NA,NA,NA,NA,NA,36
"274",NA,NA,"YE24",NA,NA,NA,NA,NA,NA,NA,NA,NA,15
"275",NA,NA,"YE25",NA,NA,NA,NA,NA,NA,NA,NA,NA,11
"276",NA,NA,"YE29",NA,NA,NA,NA,NA,NA,NA,NA,NA,10
"277",NA,NA,"YE30",NA,NA,NA,NA,NA,NA,NA,NA,NA,9
"278",NA,NA,"YE31",NA,NA,NA,NA,NA,NA,NA,NA,NA,6
"279",NA,NA,"YE32",NA,NA,NA,NA,NA,NA,NA,NA,NA,3
"280",NA,NA,"YE11",NA,NA,NA,NA,NA,NA,NA,NA,NA,12
"281",NA,NA,"YE12",NA,NA,NA,NA,NA,NA,NA,NA,NA,18
"282",NA,NA,"YE13",NA,NA,NA,NA,NA,NA,NA,NA,NA,89
"283",NA,NA,"YE14",NA,NA,NA,NA,NA,NA,NA,NA,NA,6
"284",NA,NA,"YE15",NA,NA,NA,NA,NA,NA,NA,NA,NA,18
"285",NA,NA,"YE16",NA,NA,NA,NA,NA,NA,NA,NA,NA,3
"286",NA,NA,"YE17",NA,NA,NA,NA,NA,NA,NA,NA,NA,43
"287",NA,NA,"YE18",NA,NA,NA,NA,NA,NA,NA,NA,NA,36
"288",NA,NA,"YE20",NA,NA,NA,NA,NA,NA,NA,NA,NA,13
"289",NA,NA,"YE22",NA,NA,NA,NA,NA,NA,NA,NA,NA,33
"290",NA,NA,"YE23",NA,NA,NA,NA,NA,NA,NA,NA,NA,24
"291",NA,NA,"YE24",NA,NA,NA,NA,NA,NA,NA,NA,NA,25
"292",NA,NA,"YE25",NA,NA,NA,NA,NA,NA,NA,NA,NA,16
"293",NA,NA,"YE29",NA,NA,NA,NA,NA,NA,NA,NA,NA,3
"294",NA,NA,"YE30",NA,NA,NA,NA,NA,NA,NA,NA,NA,4
"295",NA,NA,"YE32",NA,NA,NA,NA,NA,NA,NA,NA,NA,3
"296",NA,NA,"YE11",NA,NA,NA,NA,NA,NA,NA,NA,NA,12
"297",NA,NA,"YE13",NA,NA,NA,NA,NA,NA,NA,NA,NA,85
"298",NA,NA,"YE14",NA,NA,NA,NA,NA,NA,NA,NA,NA,6
"299",NA,NA,"YE15",NA,NA,NA,NA,NA,NA,NA,NA,NA,33
"300",NA,NA,"YE17",NA,NA,NA,NA,NA,NA,NA,NA,NA,32
"301",NA,NA,"YE18",NA,NA,NA,NA,NA,NA,NA,NA,NA,44
"302",NA,NA,"YE20",NA,NA,NA,NA,NA,NA,NA,NA,NA,16
"303",NA,NA,"YE22",NA,NA,NA,NA,NA,NA,NA,NA,NA,9
"304",NA,NA,"YE23",NA,NA,NA,NA,NA,NA,NA,NA,NA,35
"305",NA,NA,"YE24",NA,NA,NA,NA,NA,NA,NA,NA,NA,24
"306",NA,NA,"YE25",NA,NA,NA,NA,NA,NA,NA,NA,NA,16
"307",NA,NA,"YE30",NA,NA,NA,NA,NA,NA,NA,NA,NA,9
"308",NA,NA,"YE31",NA,NA,NA,NA,NA,NA,NA,NA,NA,11
"309",NA,NA,"YE32",NA,NA,NA,NA,NA,NA,NA,NA,NA,3
"310",NA,NA,"YE11",NA,NA,NA,NA,NA,NA,NA,NA,NA,12
"311",NA,NA,"YE13",NA,NA,NA,NA,NA,NA,NA,NA,NA,97
"312",NA,NA,"YE14",NA,NA,NA,NA,NA,NA,NA,NA,NA,6
"313",NA,NA,"YE15",NA,NA,NA,NA,NA,NA,NA,NA,NA,20
"314",NA,NA,"YE16",NA,NA,NA,NA,NA,NA,NA,NA,NA,1
"315",NA,NA,"YE17",NA,NA,NA,NA,NA,NA,NA,NA,NA,38
"316",NA,NA,"YE18",NA,NA,NA,NA,NA,NA,NA,NA,NA,30
"317",NA,NA,"YE20",NA,NA,NA,NA,NA,NA,NA,NA,NA,10
"318",NA,NA,"YE22",NA,NA,NA,NA,NA,NA,NA,NA,NA,13
"319",NA,NA,"YE23",NA,NA,NA,NA,NA,NA,NA,NA,NA,36
"320",NA,NA,"YE24",NA,NA,NA,NA,NA,NA,NA,NA,NA,23
"321",NA,NA,"YE25",NA,NA,NA,NA,NA,NA,NA,NA,NA,9
"322",NA,NA,"YE30",NA,NA,NA,NA,NA,NA,NA,NA,NA,18
"323",NA,NA,"YE31",NA,NA,NA,NA,NA,NA,NA,NA,NA,9
"324",NA,NA,"YE32",NA,NA,NA,NA,NA,NA,NA,NA,NA,2
"325",NA,NA,"YE11",NA,NA,NA,NA,NA,NA,NA,NA,NA,12
"326",NA,NA,"YE13",NA,NA,NA,NA,NA,NA,NA,NA,NA,114
"327",NA,NA,"YE14",NA,NA,NA,NA,NA,NA,NA,NA,NA,7
"328",NA,NA,"YE15",NA,NA,NA,NA,NA,NA,NA,NA,NA,31
"329",NA,NA,"YE16",NA,NA,NA,NA,NA,NA,NA,NA,NA,4
"330",NA,NA,"YE17",NA,NA,NA,NA,NA,NA,NA,NA,NA,35
"331",NA,NA,"YE18",NA,NA,NA,NA,NA,NA,NA,NA,NA,24
"332",NA,NA,"YE22",NA,NA,NA,NA,NA,NA,NA,NA,NA,22
"333",NA,NA,"YE23",NA,NA,NA,NA,NA,NA,NA,NA,NA,37
"334",NA,NA,"YE24",NA,NA,NA,NA,NA,NA,NA,NA,NA,12
"335",NA,NA,"YE25",NA,NA,NA,NA,NA,NA,NA,NA,NA,13
"336",NA,NA,"YE30",NA,NA,NA,NA,NA,NA,NA,NA,NA,11
"337",NA,NA,"YE32",NA,NA,NA,NA,NA,NA,NA,NA,NA,1
"338",NA,NA,"YE11",NA,NA,NA,NA,NA,NA,NA,NA,NA,15
"339",NA,NA,"YE13",NA,NA,NA,NA,NA,NA,NA,NA,NA,110
"340",NA,NA,"YE14",NA,NA,NA,NA,NA,NA,NA,NA,NA,6
"341",NA,NA,"YE15",NA,NA,NA,NA,NA,NA,NA,NA,NA,29
"342",NA,NA,"YE16",NA,NA,NA,NA,NA,NA,NA,NA,NA,1
"343",NA,NA,"YE17",NA,NA,NA,NA,NA,NA,NA,NA,NA,20
"344",NA,NA,"YE18",NA,NA,NA,NA,NA,NA,NA,NA,NA,31
"345",NA,NA,"YE20",NA,NA,NA,NA,NA,NA,NA,NA,NA,4
"346",NA,NA,"YE22",NA,NA,NA,NA,NA,NA,NA,NA,NA,24
"347",NA,NA,"YE23",NA,NA,NA,NA,NA,NA,NA,NA,NA,39
"348",NA,NA,"YE24",NA,NA,NA,NA,NA,NA,NA,NA,NA,10
"349",NA,NA,"YE25",NA,NA,NA,NA,NA,NA,NA,NA,NA,14
"350",NA,NA,"YE27",NA,NA,NA,NA,NA,NA,NA,NA,NA,7
"351",NA,NA,"YE29",NA,NA,NA,NA,NA,NA,NA,NA,NA,17
"352",NA,NA,"YE30",NA,NA,NA,NA,NA,NA,NA,NA,NA,12
"353",NA,NA,"YE32",NA,NA,NA,NA,NA,NA,NA,NA,NA,1
"354",NA,NA,"YE11",NA,NA,NA,NA,NA,NA,NA,NA,NA,13
"355",NA,NA,"YE13",NA,NA,NA,NA,NA,NA,NA,NA,NA,84
"356",NA,NA,"YE14",NA,NA,NA,NA,NA,NA,NA,NA,NA,2
"357",NA,NA,"YE15",NA,NA,NA,NA,NA,NA,NA,NA,NA,32
"358",NA,NA,"YE16",NA,NA,NA,NA,NA,NA,NA,NA,NA,6
"359",NA,NA,"YE17",NA,NA,NA,NA,NA,NA,NA,NA,NA,31
"360",NA,NA,"YE18",NA,NA,NA,NA,NA,NA,NA,NA,NA,26
"361",NA,NA,"YE20",NA,NA,NA,NA,NA,NA,NA,NA,NA,3
"362",NA,NA,"YE22",NA,NA,NA,NA,NA,NA,NA,NA,NA,29
"363",NA,NA,"YE23",NA,NA,NA,NA,NA,NA,NA,NA,NA,12
"364",NA,NA,"YE24",NA,NA,NA,NA,NA,NA,NA,NA,NA,17
"365",NA,NA,"YE25",NA,NA,NA,NA,NA,NA,NA,NA,NA,14
"366",NA,NA,"YE27",NA,NA,NA,NA,NA,NA,NA,NA,NA,6
"367",NA,NA,"YE29",NA,NA,NA,NA,NA,NA,NA,NA,NA,19
"368",NA,NA,"YE30",NA,NA,NA,NA,NA,NA,NA,NA,NA,25
"369",NA,NA,"YE32",NA,NA,NA,NA,NA,NA,NA,NA,NA,1
"370",NA,NA,"YE11",NA,NA,NA,NA,NA,NA,NA,NA,NA,16
"371",NA,NA,"YE13",NA,NA,NA,NA,NA,NA,NA,NA,NA,79
"372",NA,NA,"YE15",NA,NA,NA,NA,NA,NA,NA,NA,NA,13
"373",NA,NA,"YE16",NA,NA,NA,NA,NA,NA,NA,NA,NA,3
"374",NA,NA,"YE17",NA,NA,NA,NA,NA,NA,NA,NA,NA,23
"375",NA,NA,"YE18",NA,NA,NA,NA,NA,NA,NA,NA,NA,33
"376",NA,NA,"YE20",NA,NA,NA,NA,NA,NA,NA,NA,NA,2
"377",NA,NA,"YE22",NA,NA,NA,NA,NA,NA,NA,NA,NA,45
"378",NA,NA,"YE23",NA,NA,NA,NA,NA,NA,NA,NA,NA,11
"379",NA,NA,"YE24",NA,NA,NA,NA,NA,NA,NA,NA,NA,3
"380",NA,NA,"YE25",NA,NA,NA,NA,NA,NA,NA,NA,NA,4
"381",NA,NA,"YE27",NA,NA,NA,NA,NA,NA,NA,NA,NA,25
"382",NA,NA,"YE29",NA,NA,NA,NA,NA,NA,NA,NA,NA,2
"383",NA,NA,"YE30",NA,NA,NA,NA,NA,NA,NA,NA,NA,11
"384",NA,NA,"YE32",NA,NA,NA,NA,NA,NA,NA,NA,NA,1
